"Plant_id","ID","Plot","Plant_sp","Plant_sp_complete","N_flowers","Area_m2","Height_cm","sync_index_het","sync_index_con","Cover_con","Cover_het"
"1",1,"A","UPAR","Ulex_parviflorus",1167,1.508,71,0.116449791959293,0.932133676092545,0.03125,0.5
"10",10,"A","UPAR","Ulex_parviflorus",21,0.503,79,0.112420225822288,0.936507936507937,0,0.46875
"100",608,"F","ROFF","Rosmarinus_officinalis",1579,0.436,112,0.291937382810797,0.959229058561898,0,0.375
"101",609,"F","ROFF","Rosmarinus_officinalis",2728,3.261,117,0.222241389224311,0.922653958944282,0,0.3125
"102",610,"F","ROFF","Rosmarinus_officinalis",12111,3.38,173,0.297298089694856,0.955853161704156,0.21875,0.5625
"103",611,"F","ROFF","Rosmarinus_officinalis",4249,1.793,170,0.3007953665025,0.946633508335636,0.03125,0.71875
"104",612,"F","ROFF","Rosmarinus_officinalis",1642,0.801,114,0.295179991501244,0.953353973168215,0.09375,0.125
"105",613,"F","ROFF","Rosmarinus_officinalis",184,0.369,67,0.365942028985507,1,0.1875,0.46875
"106",16,"A","HCOM","Halimium_commutatum",827,0.586,78,0.293814432989691,0.977422790202343,0.28125,0.5
"107",17,"A","HCOM","Halimium_commutatum",506,0.402,60,0.30512204066664,0.959815546772068,0.15625,0.09375
"108",18,"A","HCOM","Halimium_commutatum",116,0.196,43,0.293725559900462,0.96264367816092,0.1875,0.625
"109",19,"A","HCOM","Halimium_commutatum",190,0.388,63,0.298853884697345,0.951582867783985,0.125,0.375
"11",11,"A","UPAR","Ulex_parviflorus",156,0.199,57,0.111353423209093,0.934188034188034,0.03125,0.5
"110",20,"A","HCOM","Halimium_commutatum",377,0.262,34,0.289379045792376,0.961821705426357,0.21875,0.34375
"111",21,"A","HCOM","Halimium_commutatum",170,0.146,38,0.318799272286234,1,0.03125,1.0625
"112",22,"A","HCOM","Halimium_commutatum",193,0.286,62,0.316222424015811,0.949568221070812,0,0.25
"113",23,"A","HCOM","Halimium_commutatum",1066,0.872,66,0.314499425525429,0.970684862269396,0.03125,0.375
"114",24,"A","HCOM","Halimium_commutatum",253,0.294,52,0.311270481597689,0.994524959742351,0.09375,0.8125
"115",25,"A","HCOM","Halimium_commutatum",601,1.116,60,0.297490450568859,0.958432934926959,0.1875,0.5625
"116",26,"A","HCOM","Halimium_commutatum",323,0.328,56,0.311837128235556,0.970503597122302,0.4375,0.28125
"117",27,"A","HCOM","Halimium_commutatum",1403,0.944,73,0.298401241656046,0.983190534475724,0.125,0.46875
"118",28,"A","HCOM","Halimium_commutatum",481,0.821,65,0.307327946503204,0.990575190575191,0.25,0.4375
"119",29,"A","HCOM","Halimium_commutatum",183,0.215,35,0.291532871387527,0.961384335154827,0.03125,0.4375
"12",12,"A","UPAR","Ulex_parviflorus",452,0.392,79,0.103959492747012,0.933628318584071,0.09375,1.09375
"120",30,"A","HCOM","Halimium_commutatum",240,0.451,75,0.29573883161512,0.958666666666667,0.03125,0.125
"121",128,"B","HCOM","Halimium_commutatum",521,0.458,58,0.305486313337216,0.947921568627451,0.25,0.15625
"122",129,"B","HCOM","Halimium_commutatum",544,0.54,51,0.338216977348055,0.969864960909737,0.375,0.84375
"123",130,"B","HCOM","Halimium_commutatum",472,0.687,54,0.339508144362823,0.967741935483871,0.09375,0.65625
"124",131,"B","HCOM","Halimium_commutatum",187,0.229,67,0.331074283898978,0.954723707664884,0.1875,0.4375
"125",132,"B","HCOM","Halimium_commutatum",264,0.093,85,0.37790165571179,0.98468720821662,0.15625,0.59375
"126",133,"B","HCOM","Halimium_commutatum",882,0.539,53,0.391759534697864,0.989237668161435,0.28125,0.3125
"127",134,"B","HCOM","Halimium_commutatum",387,0.421,66,0.319108655051552,0.962962962962963,0.1875,0.8125
"128",135,"B","HCOM","Halimium_commutatum",659,0.674,53,0.332726546197221,0.960657698056801,0.09375,0.5
"129",136,"B","HCOM","Halimium_commutatum",79,0.176,47,0.364475545298891,0.984962406015037,0.125,0.4375
"13",13,"A","UPAR","Ulex_parviflorus",967,0.893,67,0.106696233435324,0.934091692519821,0.03125,0.6875
"130",137,"B","HCOM","Halimium_commutatum",139,0.315,97,0.364289593516314,0.967369901547117,0.375,0.125
"131",138,"B","HCOM","Halimium_commutatum",188,0.224,51,0.36280808931957,0.973758865248227,0.375,0.6875
"132",139,"B","HCOM","Halimium_commutatum",1054,0.697,67,0.344195836906525,0.962642169728784,0.15625,0.4375
"133",140,"B","HCOM","Halimium_commutatum",929,0.536,34,0.350225555099889,0.958086785009862,0.15625,0.4375
"134",141,"B","HCOM","Halimium_commutatum",219,0.664,53,0.287671232876712,0.964992389649924,0.09375,0.4375
"135",142,"B","HCOM","Halimium_commutatum",320,0.583,51,0.377320544554455,0.97875,0.1875,0.28125
"136",244,"C","HCOM","Halimium_commutatum",166,0.292,48,0.391642519444868,0.960642570281125,0.25,0.46875
"137",245,"C","HCOM","Halimium_commutatum",643,0.629,51,0.392916778884999,0.96,0.0625,0.59375
"138",246,"C","HCOM","Halimium_commutatum",244,0.243,55,0.403361916428474,0.970250896057348,0.09375,0.5
"139",247,"C","HCOM","Halimium_commutatum",179,0.23,28,0.390425005303727,0.964618249534451,0.21875,0.46875
"14",14,"A","UPAR","Ulex_parviflorus",209,0.192,51,0.112612834804913,0.933652312599681,0.09375,0.65625
"140",248,"C","HCOM","Halimium_commutatum",18,0.075,48,0.39521800281294,0.97037037037037,0.125,0.46875
"141",249,"C","HCOM","Halimium_commutatum",151,0.223,40,0.416884611361021,0.975757575757576,0.09375,0.34375
"142",250,"C","HCOM","Halimium_commutatum",390,0.621,34,0.410553606832393,0.979317269076305,0.3125,0.46875
"143",251,"C","HCOM","Halimium_commutatum",585,0.418,42,0.404770427255865,0.964353041988003,0.0625,0.46875
"144",252,"C","HCOM","Halimium_commutatum",133,0.315,54,0.407537831921576,0.967418546365915,0.09375,0.59375
"145",253,"C","HCOM","Halimium_commutatum",480,0.562,39,0.38975254339724,0.961450044208665,0.125,0.5625
"146",254,"C","HCOM","Halimium_commutatum",346,0.225,39,0.416200742496757,0.974087161366313,0.1875,0.5625
"147",255,"C","HCOM","Halimium_commutatum",491,0.745,48,0.414163809327387,0.977189409368635,0.125,0.53125
"148",256,"C","HCOM","Halimium_commutatum",679,0.653,45,0.405129913391073,0.966081871345029,0.125,0.5625
"149",257,"C","HCOM","Halimium_commutatum",133,0.259,33,0.414556962025316,0.98125,0.125,0.4375
"15",15,"A","UPAR","Ulex_parviflorus",5654,3.478,95,0.122708492117614,0.929159297252683,0.03125,0.28125
"150",258,"C","HCOM","Halimium_commutatum",127,0.085,36,0.422306388916575,0.984776902887139,0.125,0.71875
"151",338,"D","HCOM","Halimium_commutatum",132,0.257,40,0.303753251579339,0.95768115942029,0.03125,0.1875
"152",339,"D","HCOM","Halimium_commutatum",721,0.59,68,0.321583016642642,0.974219193639977,0.15625,0.90625
"153",340,"D","HCOM","Halimium_commutatum",310,0.5,45,0.300410256410256,0.963466666666667,0,0.0625
"154",341,"D","HCOM","Halimium_commutatum",154,0.164,37,0.296214896214896,0.968095238095238,0.03125,0.1875
"155",342,"D","HCOM","Halimium_commutatum",157,0.099,36,0.298642533936652,0.954901960784314,0.15625,0.3125
"156",343,"D","HCOM","Halimium_commutatum",657,0.742,43,0.324469116221694,0.977044673539519,0,0.40625
"157",344,"D","HCOM","Halimium_commutatum",1010,1.015,64,0.295457281372774,0.965599658557405,0.03125,0.34375
"158",345,"D","HCOM","Halimium_commutatum",184,0.464,38,0.325250836120401,0.981159420289855,0,0.6875
"159",346,"D","HCOM","Halimium_commutatum",27,0.059,29,0.307375751820196,0.987654320987654,0.09375,0.4375
"16",113,"B","ROFF","Rosmarinus_officinalis",12141,6.164,164,0.311237787185003,0.771333088804662,0,0.09375
"160",347,"D","HCOM","Halimium_commutatum",596,0.473,90,0.288763339610797,0.960326428123038,0.125,0.75
"161",348,"D","HCOM","Halimium_commutatum",278,0.204,47,0.27326575233552,0.965581395348837,0.09375,0.375
"162",349,"D","HCOM","Halimium_commutatum",313,0.4,53,0.275732481958163,0.974837872892348,0.09375,0.78125
"163",350,"D","HCOM","Halimium_commutatum",108,0.232,68,0.285849952516619,0.958922558922559,0.1875,0.5625
"164",351,"D","HCOM","Halimium_commutatum",626,1.043,45,0.307029874137625,0.958286074354127,0.03125,0.3125
"165",352,"D","HCOM","Halimium_commutatum",238,0.221,38,0.315864447443395,0.967836257309941,0.03125,0.1875
"166",368,"D","SGEN","Stauracanthus_genistoides",272,0.126,65,0.315045599961801,0.735567970204842,0,0.09375
"167",369,"D","SGEN","Stauracanthus_genistoides",154,0.385,59,0.366855366855367,0.909090909090909,0,0.5625
"168",370,"D","SGEN","Stauracanthus_genistoides",550,0.065,83,0.323593718942556,0.77984496124031,0,0.34375
"169",371,"D","SGEN","Stauracanthus_genistoides",179,0.443,80,0.337487465979086,0.824208566108007,0.1875,0.0625
"17",114,"B","ROFF","Rosmarinus_officinalis",1742,0.442,168,0.240033647452001,0.830769230769231,0.09375,0.46875
"170",372,"D","SGEN","Stauracanthus_genistoides",11,0.466,81,0.358974358974359,1,0,0.34375
"171",373,"D","SGEN","Stauracanthus_genistoides",164,0.228,76,0.288617886178862,0.654471544715447,0.125,0.59375
"172",374,"D","SGEN","Stauracanthus_genistoides",355,0.348,80,0.37165991902834,0.895906432748538,0.03125,0.125
"173",375,"D","SGEN","Stauracanthus_genistoides",602,0.594,128,0.340685380969741,0.839652448657188,0,0.65625
"174",376,"D","SGEN","Stauracanthus_genistoides",90,0.141,60,0.360873694207028,0.888888888888889,0.03125,0.4375
"175",377,"D","SGEN","Stauracanthus_genistoides",244,0.179,66,0.311020036429872,0.717213114754098,0.03125,0.1875
"176",378,"D","SGEN","Stauracanthus_genistoides",68,0.056,70,0.36299648064354,0.945098039215686,0,0.34375
"177",379,"D","SGEN","Stauracanthus_genistoides",101,0.09,66,0.36583374162992,0.851380042462845,0.09375,0.5
"178",380,"D","SGEN","Stauracanthus_genistoides",395,0.183,83,0.339521800281294,0.837130801687764,0.03125,0.625
"179",381,"D","SGEN","Stauracanthus_genistoides",37,0.052,72,0.366366366366366,0.942342342342342,0,0.46875
"18",115,"B","ROFF","Rosmarinus_officinalis",971,0.379,132,0.221207084663152,0.884654994850669,0.0625,0.5625
"180",382,"D","SGEN","Stauracanthus_genistoides",320,0.275,104,0.343556225909167,0.756862745098039,0,0.59375
"181",495,"E","HCOM","Halimium_commutatum",751,0.773,64,0.348185117967332,0.966436781609195,0.09375,0.28125
"182",496,"E","HCOM","Halimium_commutatum",356,0.435,75,0.371822413175797,0.972562358276644,0.125,0.34375
"183",497,"E","HCOM","Halimium_commutatum",196,0.449,47,0.291956305858987,0.955555555555556,0.09375,0.28125
"184",498,"E","HCOM","Halimium_commutatum",196,0.243,62,0.381578947368421,0.973039215686274,0.375,0.40625
"185",499,"E","HCOM","Halimium_commutatum",1152,1.085,65,0.377546138072454,0.963722943722944,0.15625,0.34375
"186",500,"E","HCOM","Halimium_commutatum",1278,1.39,72,0.390621974361953,0.980132450331126,0.15625,0.53125
"187",501,"E","HCOM","Halimium_commutatum",741,0.725,74,0.391922395565461,0.978175895765472,0.09375,0.5
"188",502,"E","HCOM","Halimium_commutatum",369,0.661,72,0.36007702182285,0.95103884372177,0.0625,0.6875
"189",503,"E","HCOM","Halimium_commutatum",608,0.879,66,0.399828491799764,0.979090291921249,0.0625,0.71875
"19",116,"B","ROFF","Rosmarinus_officinalis",1008,0.655,137,0.256708706584944,0.906084656084656,0.03125,0.625
"190",504,"E","HCOM","Halimium_commutatum",166,0.14,55,0.368549110001281,0.969343065693431,0.21875,0.40625
"191",505,"E","HCOM","Halimium_commutatum",937,0.943,54,0.382903811252269,0.961931034482759,0.15625,0.15625
"192",506,"E","HCOM","Halimium_commutatum",171,0.347,54,0.36544577818816,0.964132553606238,0.3125,0.34375
"193",507,"E","HCOM","Halimium_commutatum",333,0.307,40,0.351909184726522,0.959738562091503,0.0625,0.53125
"194",508,"E","HCOM","Halimium_commutatum",197,0.313,60,0.35501825630065,0.959390862944162,0.28125,0.3125
"195",509,"E","HCOM","Halimium_commutatum",378,0.327,54,0.365543488350506,0.976014109347443,0.65625,0.1875
"196",614,"F","HCOM","Halimium_commutatum",217,0.387,42,0.331948598648499,0.993220338983051,0.0625,0.28125
"197",615,"F","HCOM","Halimium_commutatum",107,0.274,92,0.356606193879421,0.978816199376947,0.0625,0.5625
"198",616,"F","HCOM","Halimium_commutatum",915,1.873,62,0.346728384947294,0.986722376973073,0.09375,0
"199",617,"F","HCOM","Halimium_commutatum",172,0.73,62,0.356862745098039,0.984102564102564,0.125,0.375
"2",2,"A","UPAR","Ulex_parviflorus",1777,0.794,98,0.113257024174881,0.932095291690115,0.09375,0.53125
"20",117,"B","ROFF","Rosmarinus_officinalis",2911,0.282,115,0.280509912894416,0.844681094698271,0,0.46875
"200",618,"F","HCOM","Halimium_commutatum",724,0.922,58,0.354151747655584,0.986086956521739,0.1875,0.25
"201",619,"F","HCOM","Halimium_commutatum",1805,1.558,77,0.349610929707426,0.980723557028445,0,0.09375
"202",620,"F","HCOM","Halimium_commutatum",321,0.808,27,0.353277136399731,0.986085150571132,0.125,0.3125
"203",621,"F","HCOM","Halimium_commutatum",229,0.235,70,0.354994700582936,0.984684684684685,0.125,0.625
"204",622,"F","HCOM","Halimium_commutatum",86,0.78,52,0.309393524851801,0.987596899224806,0.1875,0.34375
"205",623,"F","HCOM","Halimium_commutatum",804,0.802,66,0.36190067267783,0.978102189781022,0,0.53125
"206",624,"F","HCOM","Halimium_commutatum",172,0.197,54,0.358413132694938,0.986046511627907,0.09375,0.8125
"207",625,"F","HCOM","Halimium_commutatum",262,0.403,38,0.353187300024612,0.984379358437936,0.15625,0.40625
"208",626,"F","HCOM","Halimium_commutatum",567,0.728,80,0.349329205366357,0.982456140350877,0,0.5
"209",627,"F","HCOM","Halimium_commutatum",102,0.237,22,0.361249584579595,1,0.09375,0.46875
"21",118,"B","ROFF","Rosmarinus_officinalis",2880,0.727,125,0.259942244224422,0.825509259259259,0.3125,0.46875
"210",628,"F","HCOM","Halimium_commutatum",410,0.484,33,0.353978129713424,0.976923076923077,0.03125,0.15625
"211",644,"F","SGEN","Stauracanthus_genistoides",687,0.103,80,0.391605644867155,0.993501529051988,0.03125,0.40625
"212",629,"F","UPAR","Ulex_parviflorus",41,0.346,76,0.392257775788767,0.591463414634146,0,0.75
"213",637,"F","SGEN","Stauracanthus_genistoides",138,0.18,61,0.349554580507911,1,0,0.40625
"214",630,"F","UPAR","Ulex_parviflorus",13,0.931,56,0.339449541284404,0.875,0.03125,0.5625
"215",638,"F","SGEN","Stauracanthus_genistoides",273,0.36,70,0.363309473401216,0.984432234432234,0.03125,0.34375
"216",639,"F","SGEN","Stauracanthus_genistoides",476,0.842,126,0.379885899313854,0.995798319327731,0,0.6875
"217",640,"F","SGEN","Stauracanthus_genistoides",142,0.173,114,0.37110737821424,0.976232394366197,0.15625,0.375
"218",631,"F","UPAR","Ulex_parviflorus",0,0.324,83,0,0,0,0.59375
"219",641,"F","SGEN","Stauracanthus_genistoides",444,0.649,74,0.363443895553987,0.986607142857143,0.125,0.5
"22",119,"B","ROFF","Rosmarinus_officinalis",1884,0.135,108,0.191062520574308,0.861466325660699,0.25,0.46875
"220",642,"F","SGEN","Stauracanthus_genistoides",445,0.436,88,0.388038333430725,0.990843949044586,0.15625,0.0625
"221",632,"F","UPAR","Ulex_parviflorus",7,0.743,69,0.344692005242464,0.821428571428571,0.03125,0.21875
"222",633,"F","UPAR","Ulex_parviflorus",12,0.498,71,0.357798165137615,0.760416666666667,0.09375,0.625
"223",634,"F","UPAR","Ulex_parviflorus",8,0.658,77,0.339449541284404,0.875,0.125,0.28125
"224",635,"F","UPAR","Ulex_parviflorus",1,0.482,63,0.339449541284404,0.875,0,0.5
"225",643,"F","SGEN","Stauracanthus_genistoides",759,0.693,87,0.370634949414367,0.988636363636364,0.03125,0
"226",143,"B","SGEN","Stauracanthus_genistoides",223,0.153,56,0.371826228744468,0.949382716049383,0.0625,0.4375
"227",144,"B","SGEN","Stauracanthus_genistoides",125,0.131,89,0.365741462653984,0.925619834710744,0,0.6875
"228",145,"B","SGEN","Stauracanthus_genistoides",43,0.104,53,0.388383723573539,0.928915662650602,0.0625,0.9375
"229",146,"B","SGEN","Stauracanthus_genistoides",55,0.206,84,0.398268819295857,0.904123711340206,0.125,0.59375
"23",120,"B","ROFF","Rosmarinus_officinalis",1702,0.527,162,0.360100846033248,0.996100808368997,0.28125,0.53125
"230",147,"B","SGEN","Stauracanthus_genistoides",115,0.535,59,0.365030674846626,0.912269938650307,0.03125,0.53125
"231",148,"B","SGEN","Stauracanthus_genistoides",236,0.827,43,0.350498738132436,0.939915074309979,0.125,0.6875
"232",149,"B","SGEN","Stauracanthus_genistoides",237,0.276,57,0.423108771514757,0.863636363636364,0,0.65625
"233",150,"B","SGEN","Stauracanthus_genistoides",140,0.12,72,0.362974033252382,0.944554455445545,0.1875,0.84375
"234",151,"B","SGEN","Stauracanthus_genistoides",533,0.361,65,0.346155475086293,0.918630751964085,0.1875,0.625
"235",152,"B","SGEN","Stauracanthus_genistoides",187,0.366,59,0.405038978646481,0.864670658682635,0,1.125
"236",31,"A","ROFF","Rosmarinus_officinalis",102,0.4,77,0.412949801331916,0.961676646706587,0,0.78125
"237",32,"A","ROFF","Rosmarinus_officinalis",2302,0.435,98,0.38371675053918,0.977662721893491,0,0.625
"238",33,"A","ROFF","Rosmarinus_officinalis",111,0.249,77,0.386713816620359,0.989189189189189,0,0.15625
"239",34,"A","ROFF","Rosmarinus_officinalis",514,0.634,103,0.40001454598349,0.976264591439689,0,0.3125
"24",121,"B","ROFF","Rosmarinus_officinalis",2967,0.803,129,0.253207727243907,0.907897988990001,0,0.28125
"240",35,"A","ROFF","Rosmarinus_officinalis",1019,0.189,116,0.416378527601735,0.958783120706575,0.1875,0.5
"241",36,"A","SGEN","Stauracanthus_genistoides",430,0.628,82,0.346726285531779,0.997653958944282,0,0.46875
"242",37,"A","SGEN","Stauracanthus_genistoides",114,0.203,95,0.374754866791027,0.976284584980237,0.15625,0.8125
"243",38,"A","SGEN","Stauracanthus_genistoides",262,0.572,72,0.383230331672476,0.98782642843118,0.03125,0.46875
"244",39,"A","SGEN","Stauracanthus_genistoides",75,0.344,67,0.383466918120383,0.995670995670996,0,0.65625
"245",40,"A","SGEN","Stauracanthus_genistoides",540,0.521,74,0.357074417119131,0.994134897360704,0.125,0.53125
"246",41,"A","SGEN","Stauracanthus_genistoides",191,0.312,84,0.374269354646308,0.993975903614458,0.03125,0.4375
"247",42,"A","SGEN","Stauracanthus_genistoides",391,1.107,107,0.39677495601019,0.985290571497468,0.03125,0.375
"248",43,"A","SGEN","Stauracanthus_genistoides",73,0.125,63,0.377321673773217,0.994691439946914,0.09375,0.46875
"249",44,"A","SGEN","Stauracanthus_genistoides",265,0.972,90,0.371489407005217,0.991006842619746,0.125,0.375
"25",122,"B","ROFF","Rosmarinus_officinalis",214,0.132,101,0.349218099380031,0.912772585669782,0.3125,0.40625
"250",45,"A","SGEN","Stauracanthus_genistoides",468,0.755,86,0.353216303225415,0.997322922476297,0,0.5
"251",274,"C","SGEN","Stauracanthus_genistoides",1026,0.387,133,0.416134940328489,0.960049627791563,0,0.78125
"252",275,"C","SGEN","Stauracanthus_genistoides",285,0.305,71,0.417674477198287,0.967724867724868,0,0.53125
"253",276,"C","SGEN","Stauracanthus_genistoides",219,0.188,95,0.420200043487715,0.97945205479452,0,0.75
"254",277,"C","SGEN","Stauracanthus_genistoides",1227,1.134,107,0.484493529674253,0.958768406961178,0,0.875
"255",278,"C","SGEN","Stauracanthus_genistoides",389,0.115,79,0.411311053984576,0.956298200514139,0.0625,0.75
"256",279,"C","SGEN","Stauracanthus_genistoides",81,0.16,80,0.419900058788948,0.971604938271605,0.1875,0.78125
"257",280,"C","SGEN","Stauracanthus_genistoides",479,0.27,77,0.460286817429675,0.964478764478764,0.03125,0.71875
"258",281,"C","SGEN","Stauracanthus_genistoides",540,0.208,91,0.429705215419501,0.966666666666667,0.3125,0.5625
"259",282,"C","SGEN","Stauracanthus_genistoides",173,0.076,77,0.366707954858244,0.971098265895954,0.03125,0.46875
"26",123,"B","ROFF","Rosmarinus_officinalis",2940,0.944,152,0.252188994409645,0.811791383219955,0.03125,0.34375
"260",283,"C","SGEN","Stauracanthus_genistoides",341,0.412,120,0.354210305823209,0.970674486803519,0,0.65625
"261",47,"A","LPED","Lavandula_pedunculata",874,0.972,73,0.272664048437244,0.996384479717813,0.03125,0.3125
"262",48,"A","LPED","Lavandula_pedunculata",697,1.104,64,0.266044461536186,0.993304638928742,0.03125,0.40625
"263",49,"A","LPED","Lavandula_pedunculata",655,0.403,66,0.2535801676762,0.996238651102464,0.09375,0.90625
"264",50,"A","LPED","Lavandula_pedunculata",649,0.336,70,0.261665762344004,1,0,0.59375
"265",51,"A","LPED","Lavandula_pedunculata",816,0.189,53,0.262259955528603,0.997385620915033,0.03125,0.59375
"266",52,"A","LPED","Lavandula_pedunculata",346,0.365,72,0.263780466003218,0.989788053949904,0.0625,0.46875
"267",53,"A","LPED","Lavandula_pedunculata",404,0.39,85,0.253422448163297,0.998748435544431,0.0625,0.5
"268",54,"A","LPED","Lavandula_pedunculata",483,0.462,74,0.267297532953788,0.99485903814262,0.21875,0.65625
"269",55,"A","LPED","Lavandula_pedunculata",103,0.086,47,0.282573593342442,0.986345381526104,0.03125,0.6875
"27",124,"B","ROFF","Rosmarinus_officinalis",2943,2.178,139,0.285524082917425,0.870319989635963,0.09375,0.46875
"270",56,"A","LPED","Lavandula_pedunculata",43,0.229,58,0.325341644689523,0.955038759689922,0.21875,0.375
"271",57,"A","LPED","Lavandula_pedunculata",860,0.704,57,0.275932929251066,0.993523171412619,0.21875,0.125
"272",58,"A","LPED","Lavandula_pedunculata",315,0.023,45,0.278350515463918,0.988571428571429,0.28125,0.40625
"273",59,"A","LPED","Lavandula_pedunculata",115,0.227,53,0.269616891009769,0.997962154294032,0.1875,0.34375
"274",60,"A","LPED","Lavandula_pedunculata",505,0.375,50,0.268110894399554,0.998198198198198,0.1875,0.46875
"275",61,"A","LPED","Lavandula_pedunculata",1532,0.543,102,0.284632314285969,0.987381158167675,0.21875,0.5625
"276",153,"B","LPED","Lavandula_pedunculata",212,0.054,60,0.378432654586213,0.633018867924528,0.0625,0.625
"277",154,"B","LPED","Lavandula_pedunculata",35,0.108,40,0.381612446958982,0.963809523809524,0.03125,0.71875
"278",155,"B","LPED","Lavandula_pedunculata",112,0.131,46,0.366930693069307,0.87,0.03125,0.53125
"279",156,"B","LPED","Lavandula_pedunculata",110,0.049,60,0.362646264626463,0.949090909090909,0.21875,0.5625
"28",125,"B","ROFF","Rosmarinus_officinalis",2825,1.908,136,0.297187069700348,0.92317880794702,0.28125,0.3125
"280",157,"B","LPED","Lavandula_pedunculata",186,0.238,48,0.403917811135952,0.997491039426523,0.09375,0.78125
"281",158,"B","LPED","Lavandula_pedunculata",119,0.208,83,0.392295532074216,0.991036414565826,0.09375,0.625
"282",159,"B","LPED","Lavandula_pedunculata",98,0.071,40,0.389573651242675,0.942176870748299,0.1875,0.25
"283",160,"B","LPED","Lavandula_pedunculata",91,0.143,61,0.370797519312371,0.927472527472527,0.125,0.5625
"284",161,"B","LPED","Lavandula_pedunculata",346,0.196,67,0.365735706518629,0.885163776493256,0.25,0.5
"285",162,"B","LPED","Lavandula_pedunculata",150,0.056,65,0.35973597359736,0.854666666666667,0.21875,0.5625
"286",163,"B","LPED","Lavandula_pedunculata",83,0.133,46,0.38924012883216,0.976706827309237,0.03125,0.15625
"287",164,"B","LPED","Lavandula_pedunculata",378,0.436,63,0.382026297867882,0.903703703703704,0.125,0.53125
"288",165,"B","LPED","Lavandula_pedunculata",187,0.091,47,0.364801186000953,0.881283422459893,0.125,0.34375
"289",166,"B","LPED","Lavandula_pedunculata",237,0.205,105,0.372286982392821,0.886371100164204,0.21875,0.6875
"29",126,"B","ROFF","Rosmarinus_officinalis",1366,0.448,132,0.290433875012684,0.936310395314788,0.28125,0.625
"290",167,"B","LPED","Lavandula_pedunculata",85,0.108,41,0.389866045428072,0.968627450980392,0.25,0.5
"291",259,"C","LPED","Lavandula_pedunculata",383,0.146,54,0.338760226301437,0.891532690246517,0.09375,0.625
"292",260,"C","LPED","Lavandula_pedunculata",47,0.134,58,0.366011311607864,0.907801418439716,0.125,0.75
"293",261,"C","LPED","Lavandula_pedunculata",58,0.205,57,0.288520296813619,0.866666666666667,0.03125,0.78125
"294",262,"C","LPED","Lavandula_pedunculata",378,0.158,60,0.343856438411875,0.896117804551539,0.03125,0.75
"295",263,"C","LPED","Lavandula_pedunculata",76,0.058,37,0.427215189873418,0.814912280701754,0.09375,0.75
"296",264,"C","LPED","Lavandula_pedunculata",86,0.051,39,0.41948778333824,0.947286821705426,0.125,0.65625
"297",265,"C","LPED","Lavandula_pedunculata",103,0.126,42,0.381098685019049,0.948220064724919,0.125,0.5625
"298",266,"C","LPED","Lavandula_pedunculata",138,0.071,73,0.353609939052977,0.97283950617284,0.09375,0.59375
"299",267,"C","LPED","Lavandula_pedunculata",71,0.064,65,0.393118202888215,0.866666666666667,0.03125,0.625
"3",3,"A","UPAR","Ulex_parviflorus",494,0.509,59,0.155745231437038,0.908232118758435,0,0.53125
"30",127,"B","ROFF","Rosmarinus_officinalis",3190,0.293,171,0.250231365866557,0.787091988130564,0.03125,0.625
"300",268,"C","LPED","Lavandula_pedunculata",86,0.088,46,0.400206064174271,0.968217054263566,0.25,0.46875
"301",269,"C","LPED","Lavandula_pedunculata",104,0.043,46,0.329722492697176,0.975,0.15625,0.6875
"302",270,"C","LPED","Lavandula_pedunculata",85,0.162,54,0.375577066269546,0.966274509803922,0.03125,0.53125
"303",271,"C","LPED","Lavandula_pedunculata",137,0.118,36,0.395084542178694,0.873479318734793,0.03125,0.96875
"304",272,"C","LPED","Lavandula_pedunculata",142,0.121,45,0.366910322695668,0.906103286384977,0.0625,0.4375
"305",273,"C","LPED","Lavandula_pedunculata",66,0.076,54,0.41235136171845,0.863636363636364,0.03125,0.625
"306",353,"D","LPED","Lavandula_pedunculata",152,0.133,45,0.314271255060729,0.971052631578947,0.03125,0.28125
"307",354,"D","LPED","Lavandula_pedunculata",168,0.167,63,0.317358567358567,0.967857142857143,0.125,0.28125
"308",355,"D","LPED","Lavandula_pedunculata",239,0.147,55,0.31690408357075,0.974444444444444,0.15625,0.4375
"309",356,"D","LPED","Lavandula_pedunculata",547,0.352,51,0.317337294667269,0.978001679261125,0.09375,0.5
"31",229,"C","ROFF","Rosmarinus_officinalis",6113,0.831,149,0.17619226094213,0.816151371394296,0.40625,0.28125
"310",357,"D","LPED","Lavandula_pedunculata",342,0.16,40,0.309311740890688,0.957894736842105,0.03125,0.28125
"311",358,"D","LPED","Lavandula_pedunculata",151,0.206,50,0.306390445463293,0.985871964679912,0.25,0.4375
"312",359,"D","LPED","Lavandula_pedunculata",211,0.298,38,0.308826507878641,0.978199052132701,0.21875,0.1875
"313",360,"D","LPED","Lavandula_pedunculata",395,0.196,45,0.310070700159645,0.971791613722999,0.09375,0.1875
"314",361,"D","LPED","Lavandula_pedunculata",302,0.229,68,0.315843097300051,0.975717439293598,0.28125,0.15625
"315",362,"D","LPED","Lavandula_pedunculata",373,0.18,62,0.318756585879874,0.975342465753425,0.125,0.21875
"316",363,"D","LPED","Lavandula_pedunculata",287,0.222,37,0.310528869480835,0.981950509461426,0.0625,0.53125
"317",364,"D","LPED","Lavandula_pedunculata",318,0.228,47,0.301698650755255,0.977987421383648,0.0625,0.15625
"318",365,"D","LPED","Lavandula_pedunculata",355,0.007,34,0.307965811965812,0.992266666666667,0.0625,0.34375
"319",366,"D","LPED","Lavandula_pedunculata",226,0.063,57,0.285533396644508,0.945679012345679,0.03125,0.375
"32",230,"C","ROFF","Rosmarinus_officinalis",2671,0.889,150,0.361745224614423,0.936625514403292,0.21875,0.4375
"320",367,"D","LPED","Lavandula_pedunculata",197,0.108,44,0.296932621805718,0.97834179357022,0.0625,0.46875
"321",510,"E","LPED","Lavandula_pedunculata",283,0.071,55,0.390955303452979,0.985159010600707,0.09375,0.5625
"322",511,"E","LPED","Lavandula_pedunculata",524,0.329,93,0.389045131913754,0.997582697201018,0.0625,0.8125
"323",512,"E","LPED","Lavandula_pedunculata",491,0.463,65,0.365773357277709,0.994575678040245,0.125,0.75
"324",513,"E","LPED","Lavandula_pedunculata",122,0.017,68,0.412640207075065,0.998907103825137,0.0625,0.625
"325",514,"E","LPED","Lavandula_pedunculata",608,0.769,80,0.361015024923279,0.991102123356926,0.28125,0.21875
"326",515,"E","LPED","Lavandula_pedunculata",331,0.188,80,0.372873270790269,0.993554884189325,0,0.6875
"327",516,"E","LPED","Lavandula_pedunculata",329,0.143,82,0.369007625446595,0.988855116514691,0.0625,0.375
"328",517,"E","LPED","Lavandula_pedunculata",312,0.386,53,0.377952091767881,0.988034188034188,0.125,0.375
"329",518,"E","LPED","Lavandula_pedunculata",321,0.357,55,0.376291195277914,0.994184839044652,0.15625,0.46875
"33",231,"C","ROFF","Rosmarinus_officinalis",1271,2.308,142,0.22639404834228,0.843692630474692,0.3125,0.3125
"330",519,"E","LPED","Lavandula_pedunculata",390,0.113,40,0.412235717498875,0.992307692307692,0.03125,0.53125
"331",520,"E","LPED","Lavandula_pedunculata",263,0.211,53,0.375786163522013,0.995283018867925,0.28125,0.40625
"332",521,"E","LPED","Lavandula_pedunculata",254,0.179,84,0.374913662108026,0.991601049868766,0.25,0.375
"333",522,"E","LPED","Lavandula_pedunculata",728,0.893,92,0.345733160060645,0.987654320987654,0.28125,0.40625
"334",523,"E","LPED","Lavandula_pedunculata",358,0.19,54,0.393504664671713,0.993311036789298,0.25,0.28125
"335",524,"E","LPED","Lavandula_pedunculata",148,0.483,47,0.38466097676624,0.990990990990991,0.1875,0.5625
"336",584,"F","LPED","Lavandula_pedunculata",252,0.474,37,0.385651891088189,0.944075829383886,0.03125,0.5625
"337",585,"F","LPED","Lavandula_pedunculata",540,0.579,43,0.397440087145969,0.976049382716049,0.03125,0.78125
"338",586,"F","LPED","Lavandula_pedunculata",65,0.067,44,0.370588235294118,0.929230769230769,0,0.5
"339",587,"F","LPED","Lavandula_pedunculata",331,0.118,46,0.389461524791185,0.965760322255791,0.0625,0.21875
"34",232,"C","ROFF","Rosmarinus_officinalis",1701,2.399,124,0.324276858735368,0.877562218302959,0.125,0.53125
"340",588,"F","LPED","Lavandula_pedunculata",107,0.102,46,0.389462217635592,0.967641325536062,0.09375,0.84375
"341",589,"F","LPED","Lavandula_pedunculata",106,0.059,96,0.391694413614502,0.972955974842767,0,0.53125
"342",590,"F","LPED","Lavandula_pedunculata",140,0.253,42,0.385924369747899,0.94952380952381,0.03125,0.53125
"343",591,"F","LPED","Lavandula_pedunculata",78,0.201,31,0.368526897938663,0.909401709401709,0.0625,0.46875
"344",592,"F","LPED","Lavandula_pedunculata",128,0.211,52,0.393995098039216,0.975520833333333,0.09375,0.46875
"345",593,"F","LPED","Lavandula_pedunculata",331,0.382,40,0.377729257641921,0.955167394468704,0.21875,0.3125
"346",594,"F","LPED","Lavandula_pedunculata",718,0.368,60,0.389498532601761,0.966738973246565,0.03125,0.4375
"347",595,"F","LPED","Lavandula_pedunculata",231,0.138,60,0.387901314371903,0.964468864468864,0.03125,0.5625
"348",596,"F","LPED","Lavandula_pedunculata",79,0.059,38,0.381484239265326,0.953586497890295,0.09375,0.53125
"349",597,"F","LPED","Lavandula_pedunculata",253,0.171,61,0.389076869685927,0.969911504424779,0,0.25
"35",233,"C","ROFF","Rosmarinus_officinalis",8126,3.099,163,0.312541547158058,0.891614640714898,0.25,0.25
"350",598,"F","LPED","Lavandula_pedunculata",396,0.198,64,0.383986928104575,0.955218855218855,0,0.71875
"351",470,"E","SGEN","Stauracanthus_genistoides",132,0.048,104,0.441685765215177,0.954545454545454,0,0.59375
"352",471,"E","SGEN","Stauracanthus_genistoides",348,0.343,135,0.438327054959915,0.967528735632184,0,1.03125
"353",472,"E","SGEN","Stauracanthus_genistoides",584,0.596,97,0.435836834733894,0.945052083333333,0,0.6875
"354",473,"E","SGEN","Stauracanthus_genistoides",279,0.499,73,0.442393779941883,0.969158878504673,0,0.5625
"355",474,"E","SGEN","Stauracanthus_genistoides",49,0.3,86,0.430972388955582,0.914285714285714,0,0.40625
"356",475,"E","SGEN","Stauracanthus_genistoides",59,0.504,89,0.442387124341262,0.996610169491525,0.0625,0.5625
"357",476,"E","SGEN","Stauracanthus_genistoides",399,0.807,68,0.437248583643984,0.941353383458647,0.0625,0.71875
"358",477,"E","SGEN","Stauracanthus_genistoides",148,0.7,65,0.444129002952532,0.975,0.03125,0.46875
"359",478,"E","SGEN","Stauracanthus_genistoides",196,0.237,73,0.447950608814955,0.988265306122449,0.125,0.625
"36",234,"C","ROFF","Rosmarinus_officinalis",992,0.731,144,0.389258284739013,0.95440074906367,0.0625,0.40625
"360",479,"E","SGEN","Stauracanthus_genistoides",130,0.379,89,0.443568196509373,0.982307692307692,0,0.71875
"361",525,"E","CSAL","Cistus_salviifolius",56,0.509,62,0.478273809523809,0.472222222222222,0.09375,0.625
"362",526,"E","CSAL","Cistus_salviifolius",32,0.245,77,0.49921875,0.46875,0.09375,0.75
"363",527,"E","CSAL","Cistus_salviifolius",12,0.211,41,0.513888888888889,0.537037037037037,0.03125,0.5625
"364",528,"E","CSAL","Cistus_salviifolius",20,0.274,50,0.485833333333333,0.494444444444444,0.03125,0.53125
"365",529,"E","CSAL","Cistus_salviifolius",2,0.066,40,0.45,0.444444444444444,0.03125,0.5625
"365_1",530,"E","CSAL","Cistus_salviifolius",0,0.074,40,0,0,0,0.625
"365_2",531,"E","CSAL","Cistus_salviifolius",14,0.203,45,0.525,0.555555555555556,0,0.8125
"365_3",532,"E","CSAL","Cistus_salviifolius",0,0.076,40,0,0,0.09375,0.21875
"365_4",533,"E","CSAL","Cistus_salviifolius",0,0.03,35,0,0,0.03125,0.21875
"366",62,"A","CLIB","Cistus_libanotis",442,0.759,67,0.250772108399669,0.972433192686357,0.03125,0.96875
"367",63,"A","CLIB","Cistus_libanotis",201,0.366,96,0.248895434462445,0.965873015873016,0.09375,0.65625
"368",64,"A","CLIB","Cistus_libanotis",71,0.261,61,0.2447186074024,0.986885245901639,0.15625,0.625
"369",65,"A","CLIB","Cistus_libanotis",409,0.559,90,0.235900545785324,0.984873949579832,0.1875,0.3125
"37",235,"C","ROFF","Rosmarinus_officinalis",1666,1.195,169,0.327214430075828,0.914405762304922,0.5,0.21875
"370",66,"A","CLIB","Cistus_libanotis",212,0.152,105,0.241481740345972,0.994350282485876,0.1875,0.625
"371",67,"A","CLIB","Cistus_libanotis",630,0.507,125,0.251094075836344,0.980626780626781,0,0.65625
"372",68,"A","CLIB","Cistus_libanotis",33,0.075,49,0.243049047172759,0.983838383838384,0.0625,0.875
"373",69,"A","CLIB","Cistus_libanotis",159,0.139,106,0.25649932765576,0.92463768115942,0.09375,0.53125
"374",70,"A","CLIB","Cistus_libanotis",153,0.606,117,0.241602926504822,0.994623655913978,0,0.75
"375",71,"A","CLIB","Cistus_libanotis",252,0.403,81,0.264447717231222,0.879619047619048,0,0.84375
"376",72,"A","CLIB","Cistus_libanotis",345,0.852,120,0.248974076669002,0.906796116504854,0,0.59375
"377",73,"A","CLIB","Cistus_libanotis",29,0.221,52,0.242090295058656,0.986206896551724,0.0625,0.53125
"378",74,"A","CLIB","Cistus_libanotis",14,0.193,57,0.249631811487482,1,0,0.40625
"379",75,"A","CLIB","Cistus_libanotis",40,0.518,66,0.245360824742268,0.99,0,0.75
"38",236,"C","ROFF","Rosmarinus_officinalis",1083,1.862,104,0.305387051906916,0.89664512157587,0.15625,0.125
"380",76,"A","CLIB","Cistus_libanotis",8,0.07,48,0.237113402061856,1,0,0.78125
"381",168,"B","CLIB","Cistus_libanotis",259,0.263,54,0.308822602005423,0.963057324840764,0.03125,1.125
"382",169,"B","CLIB","Cistus_libanotis",554,0.44,89,0.237172138266458,0.87906432748538,0,0.71875
"383",170,"B","CLIB","Cistus_libanotis",73,0.088,91,0.301803394625177,0.946428571428572,0.1875,0.59375
"384",171,"B","CLIB","Cistus_libanotis",90,0.124,71,0.221814116895561,0.839784946236559,0,0.625
"385",172,"B","CLIB","Cistus_libanotis",292,0.451,67,0.321511255603172,0.962852404643449,0.0625,0.5625
"386",173,"B","CLIB","Cistus_libanotis",674,1.119,95,0.249735537779468,0.893797519007603,0.09375,0.46875
"387",174,"B","CLIB","Cistus_libanotis",76,0.201,104,0.334848238922253,0.974863387978142,0.125,0.5625
"388",175,"B","CLIB","Cistus_libanotis",30,0.181,53,0.279207920792079,0.96,0.125,0.8125
"389",176,"B","CLIB","Cistus_libanotis",233,0.854,89,0.292593545068793,0.958874458874459,0,0.25
"39",237,"C","ROFF","Rosmarinus_officinalis",701,0.433,133,0.344462702468445,0.931145981930575,0.40625,0.34375
"390",177,"B","CLIB","Cistus_libanotis",185,0.534,72,0.260210396039604,0.91875,0.03125,0.25
"391",178,"B","CLIB","Cistus_libanotis",563,0.45,73,0.255981848184819,0.924074074074074,0.03125,0.34375
"392",179,"B","CLIB","Cistus_libanotis",32,0.077,57,0.358910891089109,0.9625,0.03125,0.875
"393",180,"B","CLIB","Cistus_libanotis",302,0.621,120,0.266709528095667,0.952380952380952,0.25,0.125
"394",181,"B","CLIB","Cistus_libanotis",7,0.06,50,0.346534653465347,0.980952380952381,0,0.625
"395",183,"B","CLIB","Cistus_libanotis",54,0.573,47,0.252108544187752,0.930864197530864,0,0.71875
"396",383,"D","CLIB","Cistus_libanotis",18,0.097,42,0.316239316239316,0.885714285714286,0.03125,0.0625
"397",384,"D","CLIB","Cistus_libanotis",45,0.108,68,0.304029304029304,0.919047619047619,0,0.40625
"398",385,"D","CLIB","Cistus_libanotis",12,0.018,52,0.30316742081448,0.945098039215686,0,0.5
"399",386,"D","CLIB","Cistus_libanotis",121,0.243,74,0.308807134894091,0.882125603864734,0,0.28125
"4",4,"A","UPAR","Ulex_parviflorus",60,0.295,55,0.116151202749141,0.937777777777778,0,1.03125
"40",238,"C","ROFF","Rosmarinus_officinalis",123,1.151,126,0.290110116291036,0.882384823848238,0.375,0.21875
"400",387,"D","CLIB","Cistus_libanotis",33,0.099,46,0.28413591828226,0.879674796747967,0.0625,0.5
"401",388,"D","CLIB","Cistus_libanotis",32,0.099,48,0.285470085470085,0.8,0.09375,0.4375
"402",389,"D","CLIB","Cistus_libanotis",94,0.342,80,0.301139601139601,0.917777777777778,0,0.1875
"403",390,"D","CLIB","Cistus_libanotis",27,0.069,60,0.302075702075702,0.927619047619048,0,0.625
"404",391,"D","CLIB","Cistus_libanotis",62,0.167,82,0.299992936356573,0.908539944903581,0.03125,0.34375
"405",392,"D","CLIB","Cistus_libanotis",29,0.075,65,0.294586894586895,0.908148148148148,0.0625,0.65625
"406",393,"D","CLIB","Cistus_libanotis",69,0.229,68,0.296840487851724,0.923595505617978,0,0.625
"407",394,"D","CLIB","Cistus_libanotis",17,0.055,70,0.315687896333058,0.875268817204301,0,0.59375
"408",395,"D","CLIB","Cistus_libanotis",82,0.124,104,0.281548516842634,0.796078431372549,0,0.5
"409",396,"D","CLIB","Cistus_libanotis",60,0.113,78,0.299145299145299,0.895890410958904,0.09375,0.375
"41",239,"C","ROFF","Rosmarinus_officinalis",2636,2.978,163,0.324890469313203,0.909012464046021,0.15625,0.6875
"410",397,"D","CLIB","Cistus_libanotis",47,0.238,30,0.307226107226107,0.905454545454545,0.03125,0.71875
"411",534,"E","CLIB","Cistus_libanotis",106,0.465,78,0.28983918128655,0.912037037037037,0.09375,0.5625
"412",535,"E","CLIB","Cistus_libanotis",158,0.4,106,0.278046032512474,0.91131498470948,0.03125,0.875
"413",536,"E","CLIB","Cistus_libanotis",417,0.693,76,0.307753078348044,0.896894409937888,0.03125,0.375
"414",537,"E","CLIB","Cistus_libanotis",77,0.129,58,0.278032036613272,0.894202898550725,0,0.59375
"415",538,"E","CLIB","Cistus_libanotis",120,0.082,78,0.2450213371266,0.756756756756757,0.09375,0.71875
"416",539,"E","CLIB","Cistus_libanotis",87,0.092,66,0.288263762855414,0.91264367816092,0.09375,0.9375
"417",540,"E","CLIB","Cistus_libanotis",33,0.066,80,0.309808612440191,0.903030303030303,0.03125,0.5625
"418",541,"E","CLIB","Cistus_libanotis",4,0.028,57,0.364035087719298,0.733333333333333,0,0.59375
"419",542,"E","CLIB","Cistus_libanotis",76,0.052,43,0.399415204678363,0.896296296296296,0,0.53125
"42",240,"C","ROFF","Rosmarinus_officinalis",2809,2.028,119,0.391323766204765,0.950696378830084,0,0.25
"420",543,"E","CLIB","Cistus_libanotis",186,0.386,97,0.305352798053528,0.886131386861314,0,0.5625
"421",544,"E","CLIB","Cistus_libanotis",223,1.382,95,0.313110620863536,0.915369261477046,0,0.625
"422",545,"E","CLIB","Cistus_libanotis",770,0.909,90,0.317817270448849,0.91982683982684,0,0.34375
"423",546,"E","CLIB","Cistus_libanotis",280,0.44,98,0.327504616805171,0.921052631578947,0,0.71875
"424",547,"E","CLIB","Cistus_libanotis",9,0.057,59,0.433723196881092,0.822222222222222,0,0.65625
"425",548,"E","CLIB","Cistus_libanotis",93,0.101,79,0.330155097889652,0.914975845410628,0,0.375
"426",645,"F","CLIB","Cistus_libanotis",7,0.031,50,0.432773109243697,1,0,0.84375
"427",646,"F","CLIB","Cistus_libanotis",219,0.207,67,0.366165070679435,0.950387596899225,0.03125,0.4375
"428",647,"F","CLIB","Cistus_libanotis",125,0.433,54,0.343042986425339,0.926923076923077,0,0.40625
"429",648,"F","CLIB","Cistus_libanotis",92,0.21,44,0.369162210338681,0.951515151515152,0.03125,0.3125
"43",241,"C","ROFF","Rosmarinus_officinalis",810,0.596,93,0.324191279887482,0.909259259259259,0,0.25
"430",649,"F","CLIB","Cistus_libanotis",828,0.767,80,0.341077010514351,0.914009661835749,0.03125,0.5625
"431",650,"F","CLIB","Cistus_libanotis",51,0.138,82,0.34624581539933,0.91869918699187,0,0.65625
"432",651,"F","CLIB","Cistus_libanotis",236,0.504,58,0.412413214312963,0.856031128404669,0,0.125
"433",652,"F","CLIB","Cistus_libanotis",258,0.285,73,0.397640412097042,0.975141242937853,0,0.25
"434",653,"F","CLIB","Cistus_libanotis",37,0.158,57,0.357843137254902,0.938095238095238,0.03125,0.375
"435",654,"F","CLIB","Cistus_libanotis",211,0.451,73,0.415519399249061,0.887943262411348,0,1
"436",284,"C","AVEL","Armeria_velutina",43,0.023,55,0.456268958543984,1,0,0.59375
"437",285,"C","AVEL","Armeria_velutina",45,0.022,57,0.430193236714976,0.888888888888889,0,0.6875
"438",398,"D","AVEL","Armeria_velutina",100,0.009,60,0.325124378109453,1,0,0.46875
"439",399,"D","AVEL","Armeria_velutina",50,0.049,52,0.327380952380952,0.873809523809524,0,0.3125
"44",242,"C","ROFF","Rosmarinus_officinalis",1426,1.112,140,0.294885223782555,0.886535764375877,0.1875,0.375
"440",400,"D","AVEL","Armeria_velutina",22,0.006,40,0.323809523809524,1,0,0.6875
"441",401,"D","AVEL","Armeria_velutina",7,0.013,40,0.328571428571429,1,0,0.375
"442",402,"D","AVEL","Armeria_velutina",26,0.008,50,0.326282051282051,0.91025641025641,0.0625,0.65625
"443",403,"D","AVEL","Armeria_velutina",37,0.005,34,0.329320987654321,0.891975308641975,0.0625,0.5625
"444",404,"D","AVEL","Armeria_velutina",22,0.006,38,0.324242424242424,1,0.03125,0.5
"445",405,"D","AVEL","Armeria_velutina",36,0.003,45,0.325,1,0.03125,0.71875
"446",406,"D","AVEL","Armeria_velutina",31,0.01,56,0.327150537634409,0.884408602150538,0.03125,0.6875
"447",407,"D","AVEL","Armeria_velutina",58,0.009,51,0.328048780487805,0.91869918699187,0.03125,0.6875
"448",408,"D","AVEL","Armeria_velutina",47,0.008,61,0.329398148148148,0.8125,0,0.71875
"449",409,"D","AVEL","Armeria_velutina",32,0.003,47,0.329347826086957,0.873188405797102,0.03125,0.28125
"45",243,"C","ROFF","Rosmarinus_officinalis",405,0.805,109,0.391529926551024,0.964938271604938,0.5625,0.3125
"450",549,"E","AVEL","Armeria_velutina",147,0.016,62,0.350711713256731,0.728571428571429,0.03125,0.5
"451",550,"E","AVEL","Armeria_velutina",35,0.008,38,0.430252100840336,0.96,0.03125,0.28125
"452",551,"E","AVEL","Armeria_velutina",20,0.009,47,0.444957983193277,0.98,0.09375,0.375
"453",552,"E","AVEL","Armeria_velutina",62,0.012,54,0.44022770398482,0.974193548387097,0.0625,0.625
"454",553,"E","AVEL","Armeria_velutina",33,0.011,55,0.457091927680163,1,0.09375,0.46875
"455",554,"E","AVEL","Armeria_velutina",61,0.009,47,0.406943105110897,0.914754098360656,0.09375,0.53125
"456",555,"E","AVEL","Armeria_velutina",30,0.012,56,0.438655462184874,0.973333333333333,0.03125,0.625
"457",556,"E","AVEL","Armeria_velutina",72,0.017,39,0.454365079365079,0.990277777777778,0,0.375
"458",557,"E","AVEL","Armeria_velutina",33,0.009,45,0.436465495289025,0.96969696969697,0,0.5
"459",558,"E","AVEL","Armeria_velutina",41,0.001,50,0.412789506046321,0.931707317073171,0,0.59375
"46",323,"D","ROFF","Rosmarinus_officinalis",567,0.398,147,0.310676977343644,0.941446208112875,0.03125,0.25
"460",660,"F","AVEL","Armeria_velutina",78,0.007,46,0.453941120607787,0.964387464387464,0.0625,0.5625
"461",661,"F","AVEL","Armeria_velutina",39,0.009,48,0.448717948717949,0.96011396011396,0.03125,0.6875
"462",662,"F","AVEL","Armeria_velutina",40,0.016,42,0.452314814814815,0.952777777777778,0,0.625
"463",663,"F","AVEL","Armeria_velutina",18,0.007,10,0.446502057613169,0.932098765432099,0.09375,0.6875
"464",664,"F","AVEL","Armeria_velutina",50,0.01,50,0.438333333333333,0.917777777777778,0.03125,0.59375
"465",665,"F","AVEL","Armeria_velutina",40,0.004,50,0.453935185185185,0.955555555555555,0,0.59375
"466",666,"F","AVEL","Armeria_velutina",48,0.013,59,0.436728395061728,0.907407407407407,0,0.625
"467",667,"F","AVEL","Armeria_velutina",46,0.024,52,0.44585346215781,0.949275362318841,0,0.46875
"468",668,"F","AVEL","Armeria_velutina",29,0.01,43,0.457854406130268,1,0.0625,0.71875
"469",286,"C","CLIB","Cistus_libanotis",21,0.315,70,0.379347826086957,0.975,0,0.375
"47",324,"D","ROFF","Rosmarinus_officinalis",296,0.239,122,0.284361284361284,0.936936936936937,0,0.4375
"470",287,"C","CLIB","Cistus_libanotis",17,0.051,55,0.380434782608696,1,0,0.71875
"471",77,"A","HHAL","Halimium_halimifolium",885,0.912,205,0.174427161123456,0.681460541813899,0.03125,0.53125
"472",78,"A","HHAL","Halimium_halimifolium",2017,2.439,155,0.15104522900526,0.696609033641603,0,0.78125
"473",79,"A","HHAL","Halimium_halimifolium",540,1.149,130,0.107900219005395,0.794818652849741,0,0.5625
"474",80,"A","HHAL","Halimium_halimifolium",7,0.089,73,0.108247422680412,0.888888888888889,0.03125,0.34375
"475",81,"A","HHAL","Halimium_halimifolium",29,0.452,90,0.105154639175258,0.915555555555556,0,0.375
"476",82,"A","HHAL","Halimium_halimifolium",488,1.296,160,0.122199592668024,0.803122878479294,0.09375,0.53125
"477",83,"A","HHAL","Halimium_halimifolium",687,0.412,107,0.20776425000598,0.520649651972158,0,0.75
"478",84,"A","HHAL","Halimium_halimifolium",3,0.204,84,0.103092783505155,0.933333333333333,0.125,0.375
"479",85,"A","HHAL","Halimium_halimifolium",246,0.378,81,0.132761729781226,0.75973597359736,0.1875,0.71875
"48",325,"D","ROFF","Rosmarinus_officinalis",2035,0.474,182,0.321367521367521,0.940992907801418,0.15625,0.5
"480",86,"A","HHAL","Halimium_halimifolium",45,0.718,100,0.125773195876289,0.68,0.09375,0.625
"481",87,"A","HHAL","Halimium_halimifolium",7,0.14,103,0.111929307805596,0.876190476190476,0,0.59375
"482",88,"A","HHAL","Halimium_halimifolium",85,0.234,106,0.108898008207387,0.85631067961165,0.25,0.59375
"483",89,"A","HHAL","Halimium_halimifolium",22,0.125,66,0.111527647610122,0.866666666666667,0,0.75
"484",90,"A","HHAL","Halimium_halimifolium",65,0.432,102,0.111492936235204,0.844444444444444,0.125,0.8125
"485",91,"A","HHAL","Halimium_halimifolium",2,0.165,83,0.123711340206186,0.733333333333333,0,0.375
"486",184,"B","HHAL","Halimium_halimifolium",535,0.478,125,0.119744801227843,0.892603850050659,0,0.3125
"487",185,"B","HHAL","Halimium_halimifolium",217,0.667,113,0.112549716510113,0.907692307692308,0.03125,0.25
"488",186,"B","HHAL","Halimium_halimifolium",921,0.38,103,0.180258638108709,0.747074829931973,0.0625,0.46875
"489",187,"B","HHAL","Halimium_halimifolium",245,0.677,99,0.141029566874213,0.818098510882016,0.09375,0.65625
"49",326,"D","ROFF","Rosmarinus_officinalis",217,0.057,73,0.274725274725275,0.942857142857143,0.03125,0.5
"490",188,"B","HHAL","Halimium_halimifolium",1,0.121,76,0.099009900990099,1,0,0.5625
"491",189,"B","HHAL","Halimium_halimifolium",48,0.203,102,0.102310231023102,0.949206349206349,0,0.71875
"492",190,"B","HHAL","Halimium_halimifolium",4,0.022,62,0.143564356435644,0.7,0.125,0.6875
"493",191,"B","HHAL","Halimium_halimifolium",944,0.927,145,0.134833201630022,0.826186750130412,0.09375,0.625
"494",192,"B","HHAL","Halimium_halimifolium",417,0.942,130,0.12237458055429,0.847698744769875,0.34375,0.375
"495",193,"B","HHAL","Halimium_halimifolium",201,0.104,107,0.128627024552166,0.832369942196532,0.03125,0.46875
"496",194,"B","HHAL","Halimium_halimifolium",351,0.344,92,0.166956805570667,0.762271062271062,0,0.6875
"497",195,"B","HHAL","Halimium_halimifolium",199,0.489,111,0.123913305964743,0.853658536585366,0,0.59375
"498",196,"B","HHAL","Halimium_halimifolium",90,0.416,89,0.12357556510368,0.855345911949686,0.09375,0.53125
"499",197,"B","HHAL","Halimium_halimifolium",99,0.87,111,0.128130460104834,0.832679738562092,0,0.4375
"5",5,"A","UPAR","Ulex_parviflorus",643,0.244,73,0.144345929999519,0.910834629341628,0.15625,0.3125
"50",327,"D","ROFF","Rosmarinus_officinalis",801,1.053,112,0.287629868468192,0.94544244843646,0,0.09375
"500",198,"B","HHAL","Halimium_halimifolium",107,0.12,81,0.144174691441747,0.800913242009132,0,0.8125
"501",288,"C","HHAL","Halimium_halimifolium",14,0.054,85,0.0474683544303797,0.883333333333333,0.03125,0.53125
"502",289,"C","HHAL","Halimium_halimifolium",37,0.249,107,0.0558569419328913,0.793650793650794,0,0.5625
"503",290,"C","HHAL","Halimium_halimifolium",117,0.725,96,0.0550040979874328,0.845083932853717,0.125,0.40625
"504",291,"C","HHAL","Halimium_halimifolium",94,0.408,131,0.0473743576889335,0.813201320132013,0.03125,0.625
"505",292,"C","HHAL","Halimium_halimifolium",159,0.598,109,0.0768443933000895,0.740740740740741,0.09375,0.875
"506",293,"C","HHAL","Halimium_halimifolium",371,0.433,108,0.0603146567232525,0.829974160206718,0,0.5
"507",294,"C","HHAL","Halimium_halimifolium",549,0.622,101,0.0489401320367897,0.865180782565627,0.03125,0.71875
"508",295,"C","HHAL","Halimium_halimifolium",0,0.094,61,0,0,0.03125,0.5625
"509",296,"C","HHAL","Halimium_halimifolium",71,0.837,115,0.0353913717385688,0.827210884353741,0.125,0.6875
"51",328,"D","ROFF","Rosmarinus_officinalis",1663,0.511,101,0.270086536462082,0.941734248284467,0,0.5625
"510",297,"C","HHAL","Halimium_halimifolium",5,0.07,78,0.0379746835443038,0.911111111111111,0.09375,0.8125
"511",298,"C","HHAL","Halimium_halimifolium",273,1.965,103,0.0962559700744798,0.73702726473175,0.15625,0.5
"512",299,"C","HHAL","Halimium_halimifolium",21,0.123,84,0.0528667163067759,0.819607843137255,0.09375,0.53125
"513",300,"C","HHAL","Halimium_halimifolium",127,0.401,110,0.114686594479183,0.74136546184739,0.1875,0.53125
"514",301,"C","HHAL","Halimium_halimifolium",14,1.646,153,0.0546835443037975,0.864,0.09375,0.375
"515",302,"C","HHAL","Halimium_halimifolium",336,0.45,105,0.082295358649789,0.801777777777778,0,0.71875
"516",410,"D","HHAL","Halimium_halimifolium",2,0.144,80,0.0854700854700855,0.9,0.03125,0.375
"517",411,"D","HHAL","Halimium_halimifolium",57,0.47,52,0.127980206927575,0.891228070175439,0.03125,0.25
"518",412,"D","HHAL","Halimium_halimifolium",74,0.425,109,0.0854700854700855,0.87168458781362,0.03125,0.71875
"519",413,"D","HHAL","Halimium_halimifolium",84,0.137,80,0.116384797235861,0.876595744680851,0,0.1875
"52",329,"D","ROFF","Rosmarinus_officinalis",284,0.39,106,0.2800349103166,0.947652582159624,0.09375,0.5
"520",414,"D","HHAL","Halimium_halimifolium",48,0.208,40,0.150106837606838,0.85625,0.03125,0.4375
"521",415,"D","HHAL","Halimium_halimifolium",77,0.424,90,0.0881859573448358,0.907165109034268,0.03125,0.46875
"522",416,"D","HHAL","Halimium_halimifolium",195,0.164,100,0.0846333154025462,0.884848484848485,0.15625,0.34375
"523",417,"D","HHAL","Halimium_halimifolium",153,0.327,146,0.0866682642383577,0.883489096573209,0,0.25
"524",418,"D","HHAL","Halimium_halimifolium",103,0.203,94,0.200517318938372,0.751754385964912,0.03125,0.28125
"525",419,"D","HHAL","Halimium_halimifolium",155,0.312,90,0.119586894586895,0.878333333333333,0,0.125
"526",420,"D","HHAL","Halimium_halimifolium",66,0.623,90,0.087008547008547,0.892,0.09375,0.40625
"527",421,"D","HHAL","Halimium_halimifolium",278,0.415,122,0.106531481889648,0.907354345749761,0,0.28125
"528",422,"D","HHAL","Halimium_halimifolium",37,0.27,68,0.120534735919351,0.895726495726496,0,0.59375
"529",423,"D","HHAL","Halimium_halimifolium",376,0.675,110,0.101630395748043,0.905602240896359,0,0.375
"53",330,"D","ROFF","Rosmarinus_officinalis",1423,0.37,112,0.287320343271513,0.945337402509325,0.1875,0.40625
"530",424,"D","HHAL","Halimium_halimifolium",186,0.239,104,0.088949398683912,0.907374631268437,0.09375,0.84375
"531",559,"E","HHAL","Halimium_halimifolium",1,0.853,50,0.087719298245614,0.8,0,0.34375
"532",560,"E","HHAL","Halimium_halimifolium",0,0.143,71,0,0,0.03125,0.28125
"533",561,"E","HHAL","Halimium_halimifolium",767,1.088,126,0.0680025752454531,0.713761467889908,0.03125,0.65625
"534",562,"E","HHAL","Halimium_halimifolium",56,0.081,75,0.132553606237817,0.657142857142857,0,0.53125
"535",563,"E","HHAL","Halimium_halimifolium",63,0.539,95,0.0930587337909992,0.753623188405797,0.21875,0.4375
"536",564,"E","HHAL","Halimium_halimifolium",56,0.086,97,0.0961887477313975,0.705747126436782,0.0625,0.75
"537",565,"E","HHAL","Halimium_halimifolium",2000,4.104,196,0.0859481238982624,0.709856459330144,0,0.625
"538",566,"E","HHAL","Halimium_halimifolium",236,0.959,106,0.0711057947900053,0.704545454545454,0,0.59375
"539",567,"E","HHAL","Halimium_halimifolium",548,0.938,185,0.0876551133932392,0.716991869918699,0.03125,0.5
"54",331,"D","ROFF","Rosmarinus_officinalis",791,0.139,85,0.294715634911209,0.93089723794819,0.0625,0.375
"540",568,"E","HHAL","Halimium_halimifolium",504,1.318,90,0.0896749696928109,0.721860060843112,0.1875,0.59375
"541",569,"E","HHAL","Halimium_halimifolium",44,0.197,92,0.0912280701754386,0.746666666666667,0,0.34375
"542",570,"E","HHAL","Halimium_halimifolium",48,1.236,135,0.0256537570340947,0.635220125786163,0.03125,0.3125
"543",571,"E","HHAL","Halimium_halimifolium",27,0.369,104,0.1417004048583,0.61025641025641,0.09375,0.40625
"544",572,"E","HHAL","Halimium_halimifolium",2,0.096,73,0.043859649122807,0.733333333333333,0.09375,0.34375
"545",573,"E","HHAL","Halimium_halimifolium",147,1.148,149,0.0217562375595982,0.567634124890062,0,0.5625
"546",669,"F","HHAL","Halimium_halimifolium",643,1.692,86,0.1785174330705,0.795966785290629,0,0.6875
"547",670,"F","HHAL","Halimium_halimifolium",2,0.07,53,0.142156862745098,0.866666666666667,0,0.34375
"548",671,"F","HHAL","Halimium_halimifolium",387,0.834,160,0.117359312697825,0.83508036338225,0,0.625
"549",672,"F","HHAL","Halimium_halimifolium",215,0.587,135,0.177329896101867,0.813014608233732,0.15625,0.21875
"55",332,"D","ROFF","Rosmarinus_officinalis",524,0.488,103,0.312846610556534,0.935623409669211,0.34375,0.375
"550",673,"F","HHAL","Halimium_halimifolium",333,1.024,110,0.306490123724767,0.575153751537515,0,0.34375
"551",674,"F","HHAL","Halimium_halimifolium",16,0.274,56,0.169117647058824,0.845833333333333,0,0.1875
"552",675,"F","HHAL","Halimium_halimifolium",61,0.426,72,0.200206398348813,0.785964912280702,0,0.03125
"553",676,"F","HHAL","Halimium_halimifolium",7,0.752,67,0.219887955182073,0.771428571428571,0.03125,0.59375
"554",677,"F","HHAL","Halimium_halimifolium",214,1.235,142,0.156078431372549,0.868444444444444,0,0.59375
"555",678,"F","HHAL","Halimium_halimifolium",134,0.148,133,0.0994043186895011,0.79746835443038,0,0.65625
"556",679,"F","HHAL","Halimium_halimifolium",229,0.802,130,0.140035650623886,0.876848484848485,0.1875,0.375
"557",680,"F","HHAL","Halimium_halimifolium",15,0.342,105,0.0954816709292413,0.797101449275362,0,0.375
"558",681,"F","HHAL","Halimium_halimifolium",746,1.818,82,0.13597191963205,0.891522633744856,0.15625,0.0625
"559",682,"F","HHAL","Halimium_halimifolium",226,0.791,107,0.261583475260928,0.671566443949517,0.1875,0.3125
"56",333,"D","ROFF","Rosmarinus_officinalis",932,0.538,138,0.311475572193996,0.931711085361143,0.1875,0.625
"560",683,"F","HHAL","Halimium_halimifolium",859,0.96,116,0.135112323074925,0.879028697571744,0,0.375
"561",655,"F","CLIB","Cistus_libanotis",27,0.037,77,0.420842411038489,0.990123456790123,0,0.6875
"562",656,"F","CLIB","Cistus_libanotis",6,0.071,56,0.426470588235294,1,0.03125,0.40625
"563",657,"F","CLIB","Cistus_libanotis",7,0.052,44,0.406162464985994,0.980952380952381,0.03125,0.5
"564",658,"F","CLIB","Cistus_libanotis",676,0.667,86,0.316864948226482,0.893632958801498,0.03125,0.28125
"565",659,"F","CLIB","Cistus_libanotis",254,0.385,70,0.365108094519859,0.948034188034188,0,0.375
"566",92,"A","TMAS","Thymus_mastichina",91,0.009,58,0.262321836579262,0.651348651348651,0,0.71875
"567",93,"A","TMAS","Thymus_mastichina",131,0.005,99,0.131992180109731,0.969889982628836,0,0.53125
"568",94,"A","TMAS","Thymus_mastichina",114,0.015,43,0.145996178565225,0.858054226475279,0.0625,0.46875
"569",95,"A","TMAS","Thymus_mastichina",258,0.005,38,0.153915391539154,0.854366763457673,0.03125,0.65625
"57",334,"D","ROFF","Rosmarinus_officinalis",78,0.251,91,0.334209949594565,0.916239316239316,0.03125,0.5625
"570",96,"A","TMAS","Thymus_mastichina",302,0.037,58,0.134400674109964,0.884332688588008,0,0.625
"571",97,"A","TMAS","Thymus_mastichina",647,0.177,60,0.168357660508319,0.822867853795689,0.0625,0.8125
"572",98,"A","TMAS","Thymus_mastichina",2102,0.042,56,0.113012826436297,0.881422924901186,0.125,0.5625
"572_1",102,"A","TMAS","Thymus_mastichina",378,0.049,46,0.116035116259501,0.882049961370075,0.03125,0.71875
"573",99,"A","TMAS","Thymus_mastichina",333,0.062,88,0.14004103113014,0.87005187005187,0.0625,0.3125
"574",100,"A","TMAS","Thymus_mastichina",217,0.037,46,0.153695320632308,0.83596354745499,0,0.71875
"575",101,"A","TMAS","Thymus_mastichina",151,0.007,42,0.156257494261537,0.816294432211387,0.0625,0.84375
"576",199,"B","TMAS","Thymus_mastichina",573,0.012,69,0.16283314098607,0.911522048364154,0,1.03125
"577",200,"B","TMAS","Thymus_mastichina",327,0.066,68,0.156089193825043,0.934659090909091,0.0625,0.65625
"578",201,"B","TMAS","Thymus_mastichina",250,0.026,55,0.145852051512429,0.963492063492064,0.03125,0.71875
"579",202,"B","TMAS","Thymus_mastichina",207,0.038,49,0.163134315499268,0.921461187214612,0.0625,0.65625
"58",335,"D","ROFF","Rosmarinus_officinalis",1510,0.306,99,0.30157444894287,0.925614035087719,0,0.40625
"580",203,"B","TMAS","Thymus_mastichina",562,0.017,62,0.170245163924664,0.88692515779982,0,0.625
"581",204,"B","TMAS","Thymus_mastichina",687,0.124,68,0.142611118146131,0.976375838926175,0.09375,0.5
"582",205,"B","TMAS","Thymus_mastichina",727,0.291,72,0.148305572833875,0.952380952380952,0.03125,0.53125
"583",206,"B","TMAS","Thymus_mastichina",34,0.032,60,0.128760836308006,1,0.25,0.53125
"584",207,"B","TMAS","Thymus_mastichina",159,0.009,47,0.155028970435299,0.937007874015748,0.03125,0.78125
"585",208,"B","TMAS","Thymus_mastichina",78,0.012,36,0.161385568198185,0.912977099236641,0.03125,0.5
"586",303,"C","TMAS","Thymus_mastichina",141,0.01,74,0.14723297123409,0.710373443983403,0.03125,0.5625
"587",304,"C","TMAS","Thymus_mastichina",28,0.009,71,0.158184622163472,0.596078431372549,0.03125,0.65625
"588",305,"C","TMAS","Thymus_mastichina",47,0.012,30,0.152912307890998,0.427586206896552,0,0.53125
"589",306,"C","TMAS","Thymus_mastichina",4,0.017,51,0.157303370786517,0.8,0,0.65625
"59",336,"D","ROFF","Rosmarinus_officinalis",152,0.52,130,0.360773729194782,0.985964912280702,0,0.59375
"590",307,"C","TMAS","Thymus_mastichina",6,0.018,29,0.157303370786517,0.8,0.03125,0.53125
"591",425,"D","TMAS","Thymus_mastichina",328,0.021,37,0.111851092896175,0.990476190476191,0,0.34375
"592",426,"D","TMAS","Thymus_mastichina",501,0.071,34,0.111204337162773,0.988976377952756,0.03125,0.3125
"593",427,"D","TMAS","Thymus_mastichina",122,0.058,42,0.120531305550069,0.836144578313253,0.03125,0.40625
"594",428,"D","TMAS","Thymus_mastichina",207,0.016,40,0.112760301284891,0.986786786786787,0.03125,0.3125
"595",429,"D","TMAS","Thymus_mastichina",141,0.007,40,0.111807811437637,0.992626728110599,0.03125,0.53125
"596",430,"D","TMAS","Thymus_mastichina",204,0.003,45,0.111459337833494,1,0,0.84375
"597",431,"D","TMAS","Thymus_mastichina",420,0.324,40,0.112373145979703,1,0,0.4375
"598",432,"D","TMAS","Thymus_mastichina",345,0.104,64,0.112067777930844,0.960504201680672,0,0.625
"599",433,"D","TMAS","Thymus_mastichina",296,0.11,68,0.119825969905293,0.881524926686217,0,0.375
"6",6,"A","UPAR","Ulex_parviflorus",1918,0.949,112,0.114852875435724,0.927711270728031,0,0.5
"60",337,"D","ROFF","Rosmarinus_officinalis",186,0.161,114,0.283204449871117,0.953968253968254,0.09375,0.1875
"600",434,"D","TMAS","Thymus_mastichina",448,0.004,39,0.112101141686183,0.994642857142857,0,0.53125
"601",574,"E","TMAS","Thymus_mastichina",766,0.056,47,0.0899705336680127,1,0.0625,0.5
"602",575,"E","TMAS","Thymus_mastichina",720,0.218,74,0.0868776629425717,1,0.03125,0.6875
"603",576,"E","TMAS","Thymus_mastichina",177,0.129,41,0.0867397806580259,1,0.09375,0.96875
"604",577,"E","TMAS","Thymus_mastichina",60,0.002,27,0.0882352941176471,1,0.03125,0.59375
"605",578,"E","TMAS","Thymus_mastichina",2953,0.65,68,0.0907076324060123,0.998336414048059,0.0625,0.59375
"606",579,"E","TMAS","Thymus_mastichina",145,0.165,46,0.0909803921568628,1,0.0625,0.5625
"607",580,"E","TMAS","Thymus_mastichina",334,0.117,57,0.0885975079687047,1,0.03125,0.8125
"608",581,"E","TMAS","Thymus_mastichina",220,0.008,32,0.0880206097037355,1,0.03125,0.71875
"609",582,"E","TMAS","Thymus_mastichina",1555,0.18,50,0.0864168108673802,1,0.03125,0.8125
"61",455,"E","UPAR","Ulex_parviflorus",137,0.838,97,0.299846331156358,0.872019464720195,0.09375,0.375
"610",583,"E","TMAS","Thymus_mastichina",304,0.054,46,0.0873086394678717,1,0.21875,0.71875
"611",684,"F","TMAS","Thymus_mastichina",288,0.079,52,0.127175589336858,0.97940074906367,0.0625,0.46875
"612",685,"F","TMAS","Thymus_mastichina",394,0.074,56,0.133328515681457,0.991809991809992,0.03125,0.46875
"613",686,"F","TMAS","Thymus_mastichina",273,0.035,36,0.131796308266897,0.99023199023199,0.0625,0.5625
"614",687,"F","TMAS","Thymus_mastichina",2485,0.557,66,0.124740380892034,0.994973070017953,0,0.59375
"615",688,"F","TMAS","Thymus_mastichina",562,0.098,40,0.124796643548249,0.972343522561863,0,0.4375
"616",689,"F","TMAS","Thymus_mastichina",798,0.071,61,0.139644505548463,0.947913188647746,0,0.21875
"617",690,"F","TMAS","Thymus_mastichina",1103,0.028,56,0.140120827862991,0.972818000362911,0,0.28125
"618",691,"F","TMAS","Thymus_mastichina",51,0.104,34,0.126297577854671,0.983006535947712,0,0.5625
"619",692,"F","TMAS","Thymus_mastichina",2563,0.201,56,0.130976715010328,0.987718330575473,0.125,0.375
"62",456,"E","UPAR","Ulex_parviflorus",12,0.845,54,0.28874269005848,0.883333333333333,0.0625,0.5
"620",693,"F","TMAS","Thymus_mastichina",295,0.119,60,0.119531696173615,0.963754045307443,0.03125,0.5
"621",694,"F","TMAS","Thymus_mastichina",755,0.036,30,0.136335411143751,0.968493706861551,0.03125,0.6875
"622",695,"F","TMAS","Thymus_mastichina",386,0.114,36,0.142012889071713,0.964475524475524,0.09375,0.71875
"623",696,"F","TMAS","Thymus_mastichina",154,0.101,44,0.133498854087089,0.996103896103896,0.03125,0.625
"624",697,"F","TMAS","Thymus_mastichina",325,0.127,56,0.184426847662142,0.781794871794872,0,0.8125
"625",698,"F","TMAS","Thymus_mastichina",40,0.017,23,0.128560858305586,1,0,0.46875
"626",209,"B","HPIC","Helichrysum_picardii",4,0.017,28,0.15625,0.625,0.0625,0.875
"627",210,"B","HPIC","Helichrysum_picardii",15,0.018,20,0.0535714285714286,0.792857142857143,0,0.90625
"628",211,"B","HPIC","Helichrysum_picardii",73,0.016,43,0.0931712962962963,0.703703703703704,0.0625,0.5625
"629",212,"B","HPIC","Helichrysum_picardii",14,0.012,36,0.108695652173913,0.665217391304348,0,0.71875
"63",457,"E","UPAR","Ulex_parviflorus",704,1.478,92,0.270683811802233,0.914015151515152,0.1875,0.53125
"630",213,"B","HPIC","Helichrysum_picardii",16,0.009,19,0.0896739130434783,0.695652173913044,0.03125,0.53125
"631",214,"B","HPIC","Helichrysum_picardii",4,0.008,24,0.15625,0.625,0.03125,0.75
"632",215,"B","HPIC","Helichrysum_picardii",9,0.01,19,0.114583333333333,0.666666666666667,0,0.375
"633",216,"B","HPIC","Helichrysum_picardii",36,0.049,14,0.12797619047619,0.666666666666667,0,0.34375
"634",217,"B","HPIC","Helichrysum_picardii",1,0.023,21,0,0.65,0,0.8125
"635",218,"B","HPIC","Helichrysum_picardii",2,0.019,14,0.0625,0.8,0.0625,0.4375
"636",219,"B","HPIC","Helichrysum_picardii",2,0.026,20,0,0.725,0,0.625
"637",220,"B","HPIC","Helichrysum_picardii",2,0.028,30,0.15625,0.625,0.09375,0.75
"638",221,"B","HPIC","Helichrysum_picardii",9,0.007,23,0.0568181818181818,0.681818181818182,0.03125,0.90625
"639",222,"B","HPIC","Helichrysum_picardii",5,0.011,28,0,0.68,0.03125,0.875
"64",458,"E","UPAR","Ulex_parviflorus",50,1.31,69,0.320175438596491,0.845333333333333,0.03125,0.40625
"640",223,"B","HPIC","Helichrysum_picardii",16,0.017,23,0.0446428571428571,0.771428571428571,0.03125,0.71875
"641",308,"C","HPIC","Helichrysum_picardii",4,0.008,36,0,0.733333333333333,0.03125,0.5625
"642",309,"C","HPIC","Helichrysum_picardii",6,0.01,27,0.0325497287522604,0.6,0,0.96875
"643",310,"C","HPIC","Helichrysum_picardii",8,0.01,18,0.0455696202531646,0.546666666666667,0,0.75
"644",311,"C","HPIC","Helichrysum_picardii",0,0.009,25,0,0,0.03125,0.75
"645",312,"C","HPIC","Helichrysum_picardii",3,0.006,24,0,0.733333333333333,0.03125,0.59375
"646",313,"C","HPIC","Helichrysum_picardii",23,0.029,46,0.108499095840868,0.367619047619048,0,0.84375
"647",314,"C","HPIC","Helichrysum_picardii",9,0.015,10,0,0.733333333333333,0.0625,0.65625
"648",315,"C","HPIC","Helichrysum_picardii",2,0.012,22,0,0.733333333333333,0.03125,0.875
"649",316,"C","HPIC","Helichrysum_picardii",4,0.011,33,0,0.733333333333333,0.03125,0.625
"65",459,"E","UPAR","Ulex_parviflorus",42,0.803,64,0.262740183792815,0.923809523809524,0.03125,0.25
"650",317,"C","HPIC","Helichrysum_picardii",3,0.02,24,0.105485232067511,0.377777777777778,0.03125,0.5
"651",318,"C","HPIC","Helichrysum_picardii",1,0.02,16,0,0.733333333333333,0.03125,0.5
"652",319,"C","HPIC","Helichrysum_picardii",2,0.025,28,0,0.733333333333333,0.03125,0.71875
"653",320,"C","HPIC","Helichrysum_picardii",2,0.014,14,0,0.733333333333333,0.09375,0.40625
"654",321,"C","HPIC","Helichrysum_picardii",0,0.008,24,0,0,0.03125,0.625
"655",322,"C","HPIC","Helichrysum_picardii",0,0.01,14,0,0,0.0625,0.4375
"656",435,"D","HPIC","Helichrysum_picardii",6,0.037,50,0,0.75,0,0.125
"657",436,"D","HPIC","Helichrysum_picardii",6,0.014,22,0.0357142857142857,0.705555555555555,0.0625,1.125
"658",437,"D","HPIC","Helichrysum_picardii",32,0.051,30,0.046875,0.691666666666667,0,0.78125
"659",438,"D","HPIC","Helichrysum_picardii",6,0.011,28,0,0.75,0.03125,0.46875
"66",460,"E","UPAR","Ulex_parviflorus",41,0.819,104,0.260162601626016,0.923577235772358,0,0.34375
"660",439,"D","HPIC","Helichrysum_picardii",25,0.014,16,0.0465225563909775,0.692105263157895,0.0625,0.375
"661",440,"D","HPIC","Helichrysum_picardii",3,0.009,18,0.0401785714285714,0.7,0.03125,0.46875
"662",441,"D","HPIC","Helichrysum_picardii",2,0.007,15,0.0803571428571429,0.65,0.125,0.59375
"663",442,"D","HPIC","Helichrysum_picardii",10,0.008,13,0.0714285714285714,0.661111111111111,0,0.34375
"664",443,"D","HPIC","Helichrysum_picardii",9,0.008,16,0.0401785714285714,0.7,0,0.3125
"665",444,"D","HPIC","Helichrysum_picardii",10,0.045,22,0,0.15,0,0.25
"666",445,"D","HPIC","Helichrysum_picardii",10,0.027,25,0.0146103896103896,0.731818181818182,0,0.46875
"667",446,"D","HPIC","Helichrysum_picardii",2,0.002,23,0,0.75,0,0.4375
"668",447,"D","HPIC","Helichrysum_picardii",2,0.007,24,0,0.75,0.0625,0.5
"669",448,"D","HPIC","Helichrysum_picardii",11,0.011,22,0.0567226890756303,0.679411764705882,0.09375,0.4375
"67",461,"E","UPAR","Ulex_parviflorus",4,0.263,54,0.429824561403509,0.733333333333333,0,0.46875
"670",449,"D","HPIC","Helichrysum_picardii",8,0.006,28,0.0178571428571429,0.727777777777778,0.0625,0.25
"671",450,"D","HPIC","Helichrysum_picardii",2,0.01,13,0,0.35,0.03125,0.25
"672",451,"D","HPIC","Helichrysum_picardii",8,0.007,17,0.0178571428571429,0.727777777777778,0.0625,0.53125
"673",452,"D","HPIC","Helichrysum_picardii",8,0.024,50,0.0438311688311688,0.695454545454545,0,0.46875
"674",453,"D","HPIC","Helichrysum_picardii",31,0.106,40,0.032967032967033,0.708974358974359,0,0.40625
"675",454,"D","HPIC","Helichrysum_picardii",27,0.008,22,0,0.208823529411765,0.0625,0.4375
"676",103,"A","HPIC","Helichrysum_picardii",8,0.029,40,0.0150829562594268,0.707692307692308,0,0.375
"677",104,"A","HPIC","Helichrysum_picardii",2,0.021,81,0,0.666666666666667,0,0.71875
"678",105,"A","HPIC","Helichrysum_picardii",5,0.011,80,0.0501089324618736,0.666666666666667,0.0625,0.5
"679",106,"A","HPIC","Helichrysum_picardii",30,0.025,61,0.0311942959001783,0.761363636363636,0.03125,0.53125
"68",462,"E","UPAR","Ulex_parviflorus",1,0.549,87,0.254385964912281,0.933333333333333,0.0625,0.34375
"680",107,"A","HPIC","Helichrysum_picardii",4,0.012,56,0.112745098039216,0.65,0,1.1875
"681",108,"A","HPIC","Helichrysum_picardii",4,0.012,95,0,0.65,0,0.25
"682",109,"A","HPIC","Helichrysum_picardii",5,0.009,45,0.0610021786492375,0.688888888888889,0,0.53125
"683",110,"A","HPIC","Helichrysum_picardii",7,0.01,10,0.0140056022408964,0.728571428571429,0,0.78125
"684",111,"A","HPIC","Helichrysum_picardii",2,0.016,25,0.112745098039216,0.65,0.03125,0.53125
"685",112,"A","HPIC","Helichrysum_picardii",5,0.011,70,0.125490196078431,0.62,0.0625,0.59375
"686",699,"F","HPIC","Helichrysum_picardii",12,0.041,28,0.00434782608695652,0.5,0,0.4375
"687",700,"F","HPIC","Helichrysum_picardii",0,0.006,12,0,0,0,0.34375
"688",224,"B","HPIC","Helichrysum_picardii",59,0.021,50,0.0456730769230769,0.788461538461539,0,0.6875
"689",225,"B","HPIC","Helichrysum_picardii",3,0.006,32,0.0375,0.77,0.03125,0.75
"69",463,"E","UPAR","Ulex_parviflorus",61,0.312,60,0.257262007477711,0.930054644808743,0.0625,0.53125
"690",226,"B","HPIC","Helichrysum_picardii",14,0.034,26,0,0.757142857142857,0,0.375
"691",227,"B","HPIC","Helichrysum_picardii",3,0.009,19,0.03125,0.8,0,0.96875
"692",228,"B","HPIC","Helichrysum_picardii",6,0.018,38,0.075,0.8,0.03125,0.71875
"7",7,"A","UPAR","Ulex_parviflorus",1602,1.568,78,0.118601747815231,0.930253849354973,0,0.59375
"70",464,"E","UPAR","Ulex_parviflorus",9,0.433,94,0.326510721247563,0.822222222222222,0.03125,0.40625
"71",465,"E","UPAR","Ulex_parviflorus",15,0.784,66,0.277777777777778,0.906666666666667,0,0.40625
"72",466,"E","UPAR","Ulex_parviflorus",281,0.413,98,0.316423589093215,0.845381526104418,0.15625,0.4375
"73",467,"E","UPAR","Ulex_parviflorus",19,1.862,116,0.254385964912281,0.933333333333333,0.09375,0.46875
"74",468,"E","UPAR","Ulex_parviflorus",353,0.244,67,0.271308583072412,0.912936732766761,0.09375,0.4375
"75",469,"E","UPAR","Ulex_parviflorus",6,0.242,39,0.254385964912281,0.933333333333333,0.0625,0.59375
"76",480,"E","ROFF","Rosmarinus_officinalis",1443,0.439,40,0.370122950167804,0.971592626171049,0,0.875
"77",481,"E","ROFF","Rosmarinus_officinalis",349,0.093,87,0.375092261397831,0.983387270765911,0,0.59375
"78",482,"E","ROFF","Rosmarinus_officinalis",1475,0.76,118,0.263768115942029,0.810305958132045,0,0.4375
"79",483,"E","ROFF","Rosmarinus_officinalis",1011,0.173,97,0.319816544549471,0.893304994686504,0,0.71875
"8",8,"A","UPAR","Ulex_parviflorus",627,1.18,93,0.111889376675052,0.935353535353535,0,0.3125
"80",484,"E","ROFF","Rosmarinus_officinalis",1441,0.586,100,0.328241294524189,0.899558080808081,0.09375,0.625
"81",485,"E","ROFF","Rosmarinus_officinalis",3146,1.329,109,0.237031079703266,0.799265197060788,0.09375,0.40625
"82",486,"E","ROFF","Rosmarinus_officinalis",664,0.236,114,0.373516720604099,0.967206040992449,0.03125,0.71875
"83",487,"E","ROFF","Rosmarinus_officinalis",229,0.497,73,0.364054240404505,0.978748180494905,0,0.84375
"84",488,"E","ROFF","Rosmarinus_officinalis",748,0.406,73,0.378436063420584,0.979946524064171,0.03125,0.65625
"85",489,"E","ROFF","Rosmarinus_officinalis",1218,0.862,97,0.303599908863067,0.866048237476809,0.125,0.375
"86",490,"E","ROFF","Rosmarinus_officinalis",946,0.568,110,0.302687214865917,0.877026074700493,0,0.46875
"87",491,"E","ROFF","Rosmarinus_officinalis",383,0.688,84,0.338944620035729,0.971105308964317,0.03125,0.40625
"88",492,"E","ROFF","Rosmarinus_officinalis",1287,0.518,88,0.304606589940712,0.838432728320369,0,0.6875
"89",493,"E","ROFF","Rosmarinus_officinalis",889,0.286,93,0.277978410593413,0.943757030371204,0,0.46875
"9",9,"A","UPAR","Ulex_parviflorus",94,0.774,58,0.316845799517438,0.956028368794326,0,0.375
"90",494,"E","ROFF","Rosmarinus_officinalis",2264,0.972,105,0.29484320318397,0.828596262494568,0,0.3125
"91",599,"F","ROFF","Rosmarinus_officinalis",3598,1.172,170,0.289957655006271,0.958581380620646,0.09375,0.46875
"92",600,"F","ROFF","Rosmarinus_officinalis",1178,1.693,112,0.354281101235061,0.972722127900396,0.3125,0.03125
"93",601,"F","ROFF","Rosmarinus_officinalis",6470,1.985,137,0.296159346656129,0.956468330134357,0.09375,0.625
"94",602,"F","ROFF","Rosmarinus_officinalis",922,0.218,106,0.339521925907022,0.986261749819234,0.125,0.25
"95",603,"F","ROFF","Rosmarinus_officinalis",2308,1.257,133,0.230591803445815,0.92576545349509,0,0.125
"96",604,"F","ROFF","Rosmarinus_officinalis",2747,1.044,134,0.326416697002791,0.965756582938964,0,0.53125
"97",605,"F","ROFF","Rosmarinus_officinalis",1987,1.203,123,0.260985360555536,0.939343940286781,0.03125,0.125
"98",606,"F","ROFF","Rosmarinus_officinalis",4667,1.379,93,0.309026500084693,0.967510674213087,0,0.4375
"99",607,"F","ROFF","Rosmarinus_officinalis",1915,1.715,89,0.331816394179448,0.971117478510029,0,0.25
"X",636,"F","UPAR","Ulex_parviflorus",103,0.757,113,0.34586265253407,0.809466019417476,0.25,0.375
"Y",46,"A","SGEN","Stauracanthus_genistoides",367,0.728,102,0.388701540453773,0.94500866980431,0,0.9375
"Z",182,"B","CSAL","Cistus_salviifolius",0,0.006,84,0,0,0,0.96875
